{
    "loss": [
        1.2304527673218963,
        0.5295607152257252,
        0.4106768592562197,
        0.3803934512424868,
        0.3533341281281065,
        0.3374408586237125,
        0.32531866733162756,
        0.31916869841939866,
        0.3070647250880681,
        0.26334098325614974,
        0.24904050851334225,
        0.2417014487747737,
        0.2385543914777587,
        0.22861348979822715,
        0.22323554255203037,
        0.22114870193358685,
        0.21755911044681847,
        0.21436642821497798,
        0.20877114960055965,
        0.2044493725823197,
        0.2016885106388579,
        0.19857011372657757,
        0.19432387531557002,
        0.19101217849768848,
        0.18880019546856772,
        0.1834473754012007,
        0.1638891369405885,
        0.15975141053417669,
        0.15504774764114845,
        0.15425703301887003,
        0.15094282644495313,
        0.14849280930957964,
        0.14746820322920046,
        0.1442086439079753,
        0.1402052815344725
    ],
    "acc": [
        0.8271286487579346,
        0.8628377914428711,
        0.8739288449287415,
        0.8781130909919739,
        0.8845900297164917,
        0.8870833516120911,
        0.8882297277450562,
        0.8892614841461182,
        0.8963115811347961,
        0.9111282825469971,
        0.9164015650749207,
        0.9178345203399658,
        0.9194967746734619,
        0.9232797622680664,
        0.9246267080307007,
        0.9252858757972717,
        0.927521288394928,
        0.9288969039916992,
        0.9307024478912354,
        0.9336256384849548,
        0.9340268969535828,
        0.9343708157539368,
        0.9374372959136963,
        0.9378385543823242,
        0.9395294189453125,
        0.9417935013771057,
        0.9509070515632629,
        0.9528845548629761,
        0.9539162516593933,
        0.9538875818252563,
        0.9558364152908325,
        0.9561516642570496,
        0.9575272798538208,
        0.9583584070205688,
        0.9600492715835571
    ],
    "val_loss": [
        1.393354473297707,
        0.5178677379415276,
        0.41428528176319485,
        0.36723683743377367,
        0.32304256845575713,
        1.8744774738382621,
        0.3840739537039855,
        0.44372205900588296,
        0.4599729728067285,
        0.22976078018221496,
        0.27367145639033363,
        0.23673093987287552,
        0.20367398804083134,
        0.20259735163158574,
        0.19882529871561772,
        0.2024153079073026,
        0.2130312660614631,
        0.19283613405405886,
        0.19591006939699823,
        0.19481842685213221,
        0.2041350735133188,
        0.19169606634015693,
        0.19776034590930627,
        0.2201513486891486,
        0.2191837926204531,
        0.2068439288523131,
        0.1895934636423796,
        0.19575513929053476,
        0.19135690876661815,
        0.1951549737087441,
        0.19493957952508903,
        0.19491676041953362,
        0.20111421587761869,
        0.19830233776782583,
        0.20627445918763074
    ],
    "val_acc": [
        0.6746159195899963,
        0.8475120663642883,
        0.8715890645980835,
        0.8837422728538513,
        0.8972712755203247,
        0.5810593962669373,
        0.8647099137306213,
        0.8443017601966858,
        0.8422380089759827,
        0.9229534268379211,
        0.9004815220832825,
        0.9174501299858093,
        0.9339600801467896,
        0.9390048384666443,
        0.9360238313674927,
        0.9337307810783386,
        0.9284567832946777,
        0.9419857859611511,
        0.934877336025238,
        0.9394634366035461,
        0.9367117881774902,
        0.9412978887557983,
        0.9387755393981934,
        0.9330428838729858,
        0.930061936378479,
        0.9341893792152405,
        0.9396927356719971,
        0.9387755393981934,
        0.9406099319458008,
        0.937628984451294,
        0.9390048384666443,
        0.9394634366035461,
        0.9390048384666443,
        0.9392341375350952,
        0.9387755393981934
    ],
    "lr": [
        0.0010000000474974513,
        0.0010000000474974513,
        0.0010000000474974513,
        0.0010000000474974513,
        0.0010000000474974513,
        0.0010000000474974513,
        0.0010000000474974513,
        0.0010000000474974513,
        0.0010000000474974513,
        0.00010000000474974513,
        0.00010000000474974513,
        0.00010000000474974513,
        0.00010000000474974513,
        0.00010000000474974513,
        0.00010000000474974513,
        0.00010000000474974513,
        0.00010000000474974513,
        0.00010000000474974513,
        0.00010000000474974513,
        0.00010000000474974513,
        0.00010000000474974513,
        0.00010000000474974513,
        0.00010000000474974513,
        0.00010000000474974513,
        0.00010000000474974513,
        0.00010000000474974513,
        1.0000000656873453e-05,
        1.0000000656873453e-05,
        1.0000000656873453e-05,
        1.0000000656873453e-05,
        1.0000000656873453e-05,
        9.999999747378752e-06,
        9.999999747378752e-06,
        9.999999747378752e-06,
        9.999999747378752e-06
    ]
}